{
  "risk_level": "高风险",
  "max_position": 0.2,
  "sector_allocation": {
    "银行": 0.021621621621621626,
    "医药": 0.04054054054054054,
    "食品饮料": 0.03243243243243244,
    "新能源": 0.021621621621621626,
    "半导体": 0.021621621621621626,
    "军工": 0.021621621621621626,
    "房地产": 0.04054054054054054
  },
  "stock_suggestions": [],
  "cash_position": 1,
  "timestamp": "2025-04-07 07:35:08"
}