{
  "risk_level": "中等风险",
  "max_position": 0.5,
  "sector_allocation": {
    "银行": 0.024999999999999994,
    "医药": 0.15,
    "食品饮料": 0.09999999999999998,
    "新能源": 0.024999999999999994,
    "半导体": 0.024999999999999994,
    "军工": 0.024999999999999994,
    "房地产": 0.15
  },
  "stock_suggestions": [],
  "cash_position": 1,
  "timestamp": "2025-04-07 07:42:18"
}